threads,seq_mean,par_mean,par_std,speedup,outliers
1,0.010553598403930664,0.5729605356852213,0.025236124692202027,0.018419415904987746,0
2,0.010553598403930664,0.5476299126942953,0.0159594886470707,0.01927140603406378,0
4,0.010553598403930664,0.7044440905253092,0.007325233563463773,0.014981456365203897,0
8,0.010553598403930664,0.861269474029541,0.009201218608830778,0.012253538203965977,0
