threads,seq_mean,par_mean,par_std,speedup,outliers
1,7.940310208002726,11.420701106389364,0.43815765354360126,0.6952559334172999,0
2,7.940310208002726,6.273627781867981,0.19901171898998937,1.2656648567758173,3
4,7.940310208002726,6.008910544713339,0.07784888992666747,1.3214226021368616,2
8,7.940310208002726,4.26665457089742,0.09724130328967022,1.8610154808788784,1
