threads,seq_mean,par_mean,par_std,speedup,outliers
1,0.01015146573384603,0.6154518922170004,0.03343036541354311,0.01649432857745891,0
2,0.01867389678955078,0.5948843955993652,0.011093545976053035,0.03139079950271048,0
4,0.03352769215901693,0.7530529499053955,0.006565622405628753,0.04452235684519786,0
8,0.06574161847432454,0.8900912602742513,0.0070209820258523535,0.07385941353257248,0
