threads,seq_mean,par_mean,par_std,speedup,outliers
1,1.8441381692886352,3.7707871357599894,0.1940853387060635,0.48905920777120593,0
2,4.304798301060995,4.077033130327861,0.0767877222213922,1.0558654206263018,1
4,8.54341861406962,6.087180511156718,0.1594630244942475,1.4035099827269877,3
8,17.83430250485738,12.286058918635051,1.420568478203295,1.4515885543904525,2
